{
    "music_disc.threesixfive": {
        "sounds": [
            {
                "name": "brat_partyyyy:records/threesixfive",
                "stream": true
            }
        ]
    },
    "music_disc.apple": {
        "sounds": [
            {
                "name": "brat_partyyyy:records/apple",
                "stream": true
            }
        ]
    },
    "music_disc.btwob": {
        "sounds": [
            {
                "name": "brat_partyyyy:records/btwob",
                "stream": true
            }
        ]
    },
    "music_disc.everythingisromantic": {
        "sounds": [
            {
                "name": "brat_partyyyy:records/everythingisromantic",
                "stream": true
            }
        ]
    },
    "music_disc.girlsoconfusing": {
        "sounds": [
            {
                "name": "brat_partyyyy:records/girlsoconfusing",
                "stream": true
            }
        ]
    },
    "music_disc.ithinkaboutitallthetime": {
        "sounds": [
            {
                "name": "brat_partyyyy:records/ithinkaboutitallthetime",
                "stream": true
            }
        ]
    },
    "music_disc.meangirls": {
        "sounds": [
            {
                "name": "brat_partyyyy:records/meangirls",
                "stream": true
            }
        ]
    },
    "music_disc.rewind": {
        "sounds": [
            {
                "name": "brat_partyyyy:records/rewind",
                "stream": true
            }
        ]
    },
    "music_disc.soi": {
        "sounds": [
            {
                "name": "brat_partyyyy:records/soi",
                "stream": true
            }
        ]
    },
    "music_disc.threesixzero": {
        "sounds": [
            {
                "name": "brat_partyyyy:records/threesixzero",
                "stream": true
            }
        ]
    },
    "music_disc.clubclassics": {
        "sounds": [
            {
                "name": "brat_partyyyy:records/clubclassics",
                "stream": true
            }
        ]
    },
    "music_disc.imightsaysomethingstupid": {
        "sounds": [
            {
                "name": "brat_partyyyy:records/imightsaysomethingstupid",
                "stream": true
            }
        ]
    },
    "music_disc.sympathyisaknife": {
        "sounds": [
            {
                "name": "brat_partyyyy:records/sympathyisaknife",
                "stream": true
            }
        ]
    },
    "music_disc.talktalk": {
        "sounds": [
            {
                "name": "brat_partyyyy:records/talktalk",
                "stream": true
            }
        ]
    },
    "music_disc.vondutch": {
        "sounds": [
            {
                "name": "brat_partyyyy:records/vondutch",
                "stream": true
            }
        ]
    }
}