{
    "parent": "item/generated",
    "textures": {
        "layer0": "item/music_disc_11"
    },
    "overrides": [
        {
            "predicate": {
                "custom_model_data": 1
            },
            "model": "brat_partyyyy:item/music_disc_threesixfive"
        },
        {
            "predicate": {
                "custom_model_data": 2
            },
            "model": "brat_partyyyy:item/music_disc_apple"
        },
        {
            "predicate": {
                "custom_model_data": 3
            },
            "model": "brat_partyyyy:item/music_disc_btwob"
        },
        {
            "predicate": {
                "custom_model_data": 4
            },
            "model": "brat_partyyyy:item/music_disc_everythingisromantic"
        },
        {
            "predicate": {
                "custom_model_data": 5
            },
            "model": "brat_partyyyy:item/music_disc_girlsoconfusing"
        },
        {
            "predicate": {
                "custom_model_data": 6
            },
            "model": "brat_partyyyy:item/music_disc_ithinkaboutitallthetime"
        },
        {
            "predicate": {
                "custom_model_data": 7
            },
            "model": "brat_partyyyy:item/music_disc_meangirls"
        },
        {
            "predicate": {
                "custom_model_data": 8
            },
            "model": "brat_partyyyy:item/music_disc_rewind"
        },
        {
            "predicate": {
                "custom_model_data": 9
            },
            "model": "brat_partyyyy:item/music_disc_soi"
        },
        {
            "predicate": {
                "custom_model_data": 10
            },
            "model": "brat_partyyyy:item/music_disc_threesixzero"
        },
        {
            "predicate": {
                "custom_model_data": 11
            },
            "model": "brat_partyyyy:item/music_disc_clubclassics"
        },
        {
            "predicate": {
                "custom_model_data": 12
            },
            "model": "brat_partyyyy:item/music_disc_imightsaysomethingstupid"
        },
        {
            "predicate": {
                "custom_model_data": 13
            },
            "model": "brat_partyyyy:item/music_disc_sympathyisaknife"
        },
        {
            "predicate": {
                "custom_model_data": 14
            },
            "model": "brat_partyyyy:item/music_disc_talktalk"
        },
        {
            "predicate": {
                "custom_model_data": 15
            },
            "model": "brat_partyyyy:item/music_disc_vondutch"
        }
    ]
}